{"cameraMode":{"drawMode":0,"name":"Shaded","section":"Shading Mode"},"sceneLighting":true,"audioPlay":false,"sceneViewState":{"showFog":false,"showMaterialUpdate":false,"showSkybox":false,"showFlares":false,"showImageEffects":false,"showParticleSystems":false},"in2DMode":false,"pivot":{"x":2.1500682830810549,"y":2.085909605026245,"z":1.8382153511047364},"rotation":{"x":-0.3364775478839874,"y":0.5948023200035095,"z":-0.30087628960609438,"w":-0.6651849746704102},"size":37.713043212890628,"orthographic":false}