{"cameraMode":{"drawMode":0,"name":"Shaded","section":"Shading Mode"},"sceneLighting":true,"audioPlay":false,"sceneViewState":{"showFog":false,"showMaterialUpdate":false,"showSkybox":false,"showFlares":false,"showImageEffects":false,"showParticleSystems":false},"in2DMode":false,"pivot":{"x":13.800000190734864,"y":0.776038646697998,"z":-8.746788024902344},"rotation":{"x":0.4451778531074524,"y":-0.009401248767971993,"z":0.004674861207604408,"w":0.8953866958618164},"size":7.3705902099609379,"orthographic":true}