{"cameraMode":{"drawMode":0,"name":"Shaded","section":"Shading Mode"},"sceneLighting":false,"audioPlay":false,"sceneViewState":{"showFog":false,"showMaterialUpdate":false,"showSkybox":false,"showFlares":false,"showImageEffects":false,"showParticleSystems":false},"in2DMode":false,"pivot":{"x":0.0020000040531158449,"y":0.9869999885559082,"z":1.0720000267028809},"rotation":{"x":-0.07508467882871628,"y":-0.6896787881851196,"z":0.07227087765932083,"w":-0.7166453003883362},"size":0.2598075866699219,"orthographic":false}