{"cameraMode":{"drawMode":0,"name":"Shaded","section":"Shading Mode"},"sceneLighting":true,"audioPlay":false,"sceneViewState":{"showFog":false,"showMaterialUpdate":false,"showSkybox":false,"showFlares":false,"showImageEffects":false,"showParticleSystems":false},"in2DMode":false,"pivot":{"x":4.433337211608887,"y":-2.7025744915008547,"z":8.591002464294434},"rotation":{"x":-0.4016730785369873,"y":-0.01760518178343773,"z":0.007725684903562069,"w":-0.9156431555747986},"size":14.796571731567383,"orthographic":false}