{"cameraMode":{"drawMode":0,"name":"Shaded","section":"Shading Mode"},"sceneLighting":false,"audioPlay":false,"sceneViewState":{"showFog":false,"showMaterialUpdate":false,"showSkybox":false,"showFlares":false,"showImageEffects":false,"showParticleSystems":false},"in2DMode":false,"pivot":{"x":0.0020000040531158449,"y":0.9869999885559082,"z":1.0720000267028809},"rotation":{"x":-0.16807439923286439,"y":-0.4336805045604706,"z":0.08265288174152374,"w":-0.8814510703086853},"size":0.2598075866699219,"orthographic":false}