{"cameraMode":{"drawMode":0,"name":"Shaded","section":"Shading Mode"},"sceneLighting":false,"audioPlay":false,"sceneViewState":{"showFog":false,"showMaterialUpdate":false,"showSkybox":false,"showFlares":false,"showImageEffects":false,"showParticleSystems":false},"in2DMode":false,"pivot":{"x":13.829999923706055,"y":0.7000000476837158,"z":7.399999618530273},"rotation":{"x":0.6544064283370972,"y":0.0011341163190081716,"z":-0.0009819237748160959,"w":0.7561419606208801},"size":1.2990379333496094,"orthographic":true}