{"cameraMode":{"drawMode":0,"name":"Shaded","section":"Shading Mode"},"sceneLighting":true,"audioPlay":false,"sceneViewState":{"showFog":false,"showMaterialUpdate":false,"showSkybox":false,"showFlares":false,"showImageEffects":false,"showParticleSystems":false},"in2DMode":false,"pivot":{"x":-2.0168709754943849,"y":-2.580517292022705,"z":3.9004340171813967},"rotation":{"x":-0.46225956082344057,"y":-0.034344229847192767,"z":0.017881793901324273,"w":-0.8859679698944092},"size":17.566938400268556,"orthographic":false}