{"cameraMode":{"drawMode":0,"name":"Shaded","section":"Shading Mode"},"sceneLighting":false,"audioPlay":false,"sceneViewState":{"showFog":false,"showMaterialUpdate":false,"showSkybox":false,"showFlares":false,"showImageEffects":false,"showParticleSystems":false},"in2DMode":false,"pivot":{"x":6.114330768585205,"y":2.84437894821167,"z":-7.5241804122924809},"rotation":{"x":-0.16807439923286439,"y":-0.4336805045604706,"z":0.08265288174152374,"w":-0.8814510703086853},"size":4.081048011779785,"orthographic":false}