{"cameraMode":{"drawMode":0,"name":"Shaded","section":"Shading Mode"},"sceneLighting":false,"audioPlay":false,"sceneViewState":{"showFog":false,"showMaterialUpdate":false,"showSkybox":false,"showFlares":false,"showImageEffects":false,"showParticleSystems":false},"in2DMode":false,"pivot":{"x":-1.5181208848953248,"y":6.762419700622559,"z":3.2617454528808595},"rotation":{"x":0.3757063150405884,"y":0.1722388118505478,"z":-0.07127878814935684,"w":0.9078071713447571},"size":7.720901966094971,"orthographic":true}